{
  "cdi_training_interaction": {
    "min": 0.0,
    "max": 1.0,
    "mean": 0.27281048781513795,
    "std": 0.21525268180116433
  },
  "training_cdi_ratio": {
    "min": 0.0,
    "max": 1.0,
    "mean": 0.18833039097502036,
    "std": 0.15059046677966403
  },
  "training_hours_binned": {
    "min": 0.0,
    "max": 1.0,
    "mean": 0.5137122270421293,
    "std": 0.28749097978658245
  },
  "cdi_squared": {
    "min": 0.0,
    "max": 1.0,
    "mean": 0.760062367825548,
    "std": 0.24335250924862684
  },
  "cdi_cubed": {
    "min": 0.0,
    "max": 1.0,
    "mean": 0.7229918696282989,
    "std": 0.260348147952671
  }
}